name	type	units	low_cutoff	high_cutoff	description	sampling_frequency	status	status_description
SCLK01-177	MISC	V	0.0	600.0	Miscellaneous	1200.0	good	n/a
BG1-4503	MEGREFMAG	T	0.0	600.0	Magnetometer Reference	1200.0	good	n/a
BG2-4503	MEGREFMAG	T	0.0	600.0	Magnetometer Reference	1200.0	good	n/a
BG3-4503	MEGREFMAG	T	0.0	600.0	Magnetometer Reference	1200.0	good	n/a
BP1-4503	MEGREFMAG	T	0.0	600.0	Magnetometer Reference	1200.0	good	n/a
BP2-4503	MEGREFMAG	T	0.0	600.0	Magnetometer Reference	1200.0	good	n/a
BP3-4503	MEGREFMAG	T	0.0	600.0	Magnetometer Reference	1200.0	good	n/a
BR1-4503	MEGREFMAG	T	0.0	600.0	Magnetometer Reference	1200.0	good	n/a
BR2-4503	MEGREFMAG	T	0.0	600.0	Magnetometer Reference	1200.0	good	n/a
BR3-4503	MEGREFMAG	T	0.0	600.0	Magnetometer Reference	1200.0	good	n/a
G11-4503	MEGREFGRADAXIAL	T	0.0	600.0	Axial Gradiometer Reference	1200.0	good	n/a
G12-4503	MEGREFGRADAXIAL	T	0.0	600.0	Axial Gradiometer Reference	1200.0	good	n/a
G13-4503	MEGREFGRADAXIAL	T	0.0	600.0	Axial Gradiometer Reference	1200.0	good	n/a
G22-4503	MEGREFGRADAXIAL	T	0.0	600.0	Axial Gradiometer Reference	1200.0	good	n/a
G23-4503	MEGREFGRADAXIAL	T	0.0	600.0	Axial Gradiometer Reference	1200.0	good	n/a
P11-4503	MEGREFGRADAXIAL	T	0.0	600.0	Axial Gradiometer Reference	1200.0	good	n/a
P12-4503	MEGREFGRADAXIAL	T	0.0	600.0	Axial Gradiometer Reference	1200.0	good	n/a
P13-4503	MEGREFGRADAXIAL	T	0.0	600.0	Axial Gradiometer Reference	1200.0	good	n/a
P22-4503	MEGREFGRADAXIAL	T	0.0	600.0	Axial Gradiometer Reference	1200.0	good	n/a
P23-4503	MEGREFGRADAXIAL	T	0.0	600.0	Axial Gradiometer Reference	1200.0	good	n/a
Q11-4503	MEGREFGRADAXIAL	T	0.0	600.0	Axial Gradiometer Reference	1200.0	good	n/a
Q12-4503	MEGREFGRADAXIAL	T	0.0	600.0	Axial Gradiometer Reference	1200.0	good	n/a
Q13-4503	MEGREFGRADAXIAL	T	0.0	600.0	Axial Gradiometer Reference	1200.0	good	n/a
Q22-4503	MEGREFGRADAXIAL	T	0.0	600.0	Axial Gradiometer Reference	1200.0	good	n/a
Q23-4503	MEGREFGRADAXIAL	T	0.0	600.0	Axial Gradiometer Reference	1200.0	good	n/a
R11-4503	MEGREFGRADAXIAL	T	0.0	600.0	Axial Gradiometer Reference	1200.0	good	n/a
R12-4503	MEGREFGRADAXIAL	T	0.0	600.0	Axial Gradiometer Reference	1200.0	good	n/a
R13-4503	MEGREFGRADAXIAL	T	0.0	600.0	Axial Gradiometer Reference	1200.0	good	n/a
R22-4503	MEGREFGRADAXIAL	T	0.0	600.0	Axial Gradiometer Reference	1200.0	good	n/a
R23-4503	MEGREFGRADAXIAL	T	0.0	600.0	Axial Gradiometer Reference	1200.0	good	n/a
MLC11-4503	MEGGRADAXIAL	T	0.0	600.0	Axial Gradiometer	1200.0	good	n/a
MLC12-4503	MEGGRADAXIAL	T	0.0	600.0	Axial Gradiometer	1200.0	good	n/a
MLC13-4503	MEGGRADAXIAL	T	0.0	600.0	Axial Gradiometer	1200.0	good	n/a
MLC14-4503	MEGGRADAXIAL	T	0.0	600.0	Axial Gradiometer	1200.0	good	n/a
MLC15-4503	MEGGRADAXIAL	T	0.0	600.0	Axial Gradiometer	1200.0	good	n/a
MLC16-4503	MEGGRADAXIAL	T	0.0	600.0	Axial Gradiometer	1200.0	good	n/a
MLC17-4503	MEGGRADAXIAL	T	0.0	600.0	Axial Gradiometer	1200.0	good	n/a
MLC21-4503	MEGGRADAXIAL	T	0.0	600.0	Axial Gradiometer	1200.0	good	n/a
MLC22-4503	MEGGRADAXIAL	T	0.0	600.0	Axial Gradiometer	1200.0	good	n/a
MLC23-4503	MEGGRADAXIAL	T	0.0	600.0	Axial Gradiometer	1200.0	good	n/a
MLC24-4503	MEGGRADAXIAL	T	0.0	600.0	Axial Gradiometer	1200.0	good	n/a
MLC25-4503	MEGGRADAXIAL	T	0.0	600.0	Axial Gradiometer	1200.0	good	n/a
MLC31-4503	MEGGRADAXIAL	T	0.0	600.0	Axial Gradiometer	1200.0	good	n/a
MLC32-4503	MEGGRADAXIAL	T	0.0	600.0	Axial Gradiometer	1200.0	good	n/a
MLC41-4503	MEGGRADAXIAL	T	0.0	600.0	Axial Gradiometer	1200.0	good	n/a
MLC42-4503	MEGGRADAXIAL	T	0.0	600.0	Axial Gradiometer	1200.0	good	n/a
MLC51-4503	MEGGRADAXIAL	T	0.0	600.0	Axial Gradiometer	1200.0	good	n/a
MLC52-4503	MEGGRADAXIAL	T	0.0	600.0	Axial Gradiometer	1200.0	good	n/a
MLC53-4503	MEGGRADAXIAL	T	0.0	600.0	Axial Gradiometer	1200.0	good	n/a
MLC54-4503	MEGGRADAXIAL	T	0.0	600.0	Axial Gradiometer	1200.0	good	n/a
MLC55-4503	MEGGRADAXIAL	T	0.0	600.0	Axial Gradiometer	1200.0	good	n/a
MLC61-4503	MEGGRADAXIAL	T	0.0	600.0	Axial Gradiometer	1200.0	good	n/a
MLC62-4503	MEGGRADAXIAL	T	0.0	600.0	Axial Gradiometer	1200.0	good	n/a
MLC63-4503	MEGGRADAXIAL	T	0.0	600.0	Axial Gradiometer	1200.0	good	n/a
MLF11-4503	MEGGRADAXIAL	T	0.0	600.0	Axial Gradiometer	1200.0	good	n/a
MLF12-4503	MEGGRADAXIAL	T	0.0	600.0	Axial Gradiometer	1200.0	good	n/a
MLF13-4503	MEGGRADAXIAL	T	0.0	600.0	Axial Gradiometer	1200.0	good	n/a
MLF14-4503	MEGGRADAXIAL	T	0.0	600.0	Axial Gradiometer	1200.0	good	n/a
MLF21-4503	MEGGRADAXIAL	T	0.0	600.0	Axial Gradiometer	1200.0	good	n/a
MLF22-4503	MEGGRADAXIAL	T	0.0	600.0	Axial Gradiometer	1200.0	good	n/a
MLF23-4503	MEGGRADAXIAL	T	0.0	600.0	Axial Gradiometer	1200.0	good	n/a
MLF24-4503	MEGGRADAXIAL	T	0.0	600.0	Axial Gradiometer	1200.0	good	n/a
MLF25-4503	MEGGRADAXIAL	T	0.0	600.0	Axial Gradiometer	1200.0	good	n/a
MLF31-4503	MEGGRADAXIAL	T	0.0	600.0	Axial Gradiometer	1200.0	good	n/a
MLF32-4503	MEGGRADAXIAL	T	0.0	600.0	Axial Gradiometer	1200.0	good	n/a
MLF33-4503	MEGGRADAXIAL	T	0.0	600.0	Axial Gradiometer	1200.0	good	n/a
MLF34-4503	MEGGRADAXIAL	T	0.0	600.0	Axial Gradiometer	1200.0	good	n/a
MLF35-4503	MEGGRADAXIAL	T	0.0	600.0	Axial Gradiometer	1200.0	good	n/a
MLF41-4503	MEGGRADAXIAL	T	0.0	600.0	Axial Gradiometer	1200.0	good	n/a
MLF42-4503	MEGGRADAXIAL	T	0.0	600.0	Axial Gradiometer	1200.0	good	n/a
MLF43-4503	MEGGRADAXIAL	T	0.0	600.0	Axial Gradiometer	1200.0	good	n/a
MLF44-4503	MEGGRADAXIAL	T	0.0	600.0	Axial Gradiometer	1200.0	good	n/a
MLF45-4503	MEGGRADAXIAL	T	0.0	600.0	Axial Gradiometer	1200.0	good	n/a
MLF46-4503	MEGGRADAXIAL	T	0.0	600.0	Axial Gradiometer	1200.0	good	n/a
MLF51-4503	MEGGRADAXIAL	T	0.0	600.0	Axial Gradiometer	1200.0	good	n/a
MLF52-4503	MEGGRADAXIAL	T	0.0	600.0	Axial Gradiometer	1200.0	good	n/a
MLF53-4503	MEGGRADAXIAL	T	0.0	600.0	Axial Gradiometer	1200.0	good	n/a
MLF54-4503	MEGGRADAXIAL	T	0.0	600.0	Axial Gradiometer	1200.0	good	n/a
MLF56-4503	MEGGRADAXIAL	T	0.0	600.0	Axial Gradiometer	1200.0	good	n/a
MLF61-4503	MEGGRADAXIAL	T	0.0	600.0	Axial Gradiometer	1200.0	good	n/a
MLF62-4503	MEGGRADAXIAL	T	0.0	600.0	Axial Gradiometer	1200.0	good	n/a
MLF63-4503	MEGGRADAXIAL	T	0.0	600.0	Axial Gradiometer	1200.0	good	n/a
MLF64-4503	MEGGRADAXIAL	T	0.0	600.0	Axial Gradiometer	1200.0	good	n/a
MLF65-4503	MEGGRADAXIAL	T	0.0	600.0	Axial Gradiometer	1200.0	good	n/a
MLF66-4503	MEGGRADAXIAL	T	0.0	600.0	Axial Gradiometer	1200.0	good	n/a
MLF67-4503	MEGGRADAXIAL	T	0.0	600.0	Axial Gradiometer	1200.0	good	n/a
MLO11-4503	MEGGRADAXIAL	T	0.0	600.0	Axial Gradiometer	1200.0	good	n/a
MLO12-4503	MEGGRADAXIAL	T	0.0	600.0	Axial Gradiometer	1200.0	good	n/a
MLO13-4503	MEGGRADAXIAL	T	0.0	600.0	Axial Gradiometer	1200.0	good	n/a
MLO14-4503	MEGGRADAXIAL	T	0.0	600.0	Axial Gradiometer	1200.0	good	n/a
MLO21-4503	MEGGRADAXIAL	T	0.0	600.0	Axial Gradiometer	1200.0	good	n/a
MLO22-4503	MEGGRADAXIAL	T	0.0	600.0	Axial Gradiometer	1200.0	good	n/a
MLO23-4503	MEGGRADAXIAL	T	0.0	600.0	Axial Gradiometer	1200.0	good	n/a
MLO24-4503	MEGGRADAXIAL	T	0.0	600.0	Axial Gradiometer	1200.0	good	n/a
MLO31-4503	MEGGRADAXIAL	T	0.0	600.0	Axial Gradiometer	1200.0	good	n/a
MLO32-4503	MEGGRADAXIAL	T	0.0	600.0	Axial Gradiometer	1200.0	good	n/a
MLO33-4503	MEGGRADAXIAL	T	0.0	600.0	Axial Gradiometer	1200.0	good	n/a
MLO34-4503	MEGGRADAXIAL	T	0.0	600.0	Axial Gradiometer	1200.0	good	n/a
MLO41-4503	MEGGRADAXIAL	T	0.0	600.0	Axial Gradiometer	1200.0	good	n/a
MLO42-4503	MEGGRADAXIAL	T	0.0	600.0	Axial Gradiometer	1200.0	good	n/a
MLO43-4503	MEGGRADAXIAL	T	0.0	600.0	Axial Gradiometer	1200.0	good	n/a
MLO44-4503	MEGGRADAXIAL	T	0.0	600.0	Axial Gradiometer	1200.0	good	n/a
MLO51-4503	MEGGRADAXIAL	T	0.0	600.0	Axial Gradiometer	1200.0	good	n/a
MLO52-4503	MEGGRADAXIAL	T	0.0	600.0	Axial Gradiometer	1200.0	good	n/a
MLO53-4503	MEGGRADAXIAL	T	0.0	600.0	Axial Gradiometer	1200.0	good	n/a
MLP11-4503	MEGGRADAXIAL	T	0.0	600.0	Axial Gradiometer	1200.0	good	n/a
MLP12-4503	MEGGRADAXIAL	T	0.0	600.0	Axial Gradiometer	1200.0	good	n/a
MLP21-4503	MEGGRADAXIAL	T	0.0	600.0	Axial Gradiometer	1200.0	good	n/a
MLP22-4503	MEGGRADAXIAL	T	0.0	600.0	Axial Gradiometer	1200.0	good	n/a
MLP23-4503	MEGGRADAXIAL	T	0.0	600.0	Axial Gradiometer	1200.0	good	n/a
MLP31-4503	MEGGRADAXIAL	T	0.0	600.0	Axial Gradiometer	1200.0	good	n/a
MLP32-4503	MEGGRADAXIAL	T	0.0	600.0	Axial Gradiometer	1200.0	good	n/a
MLP33-4503	MEGGRADAXIAL	T	0.0	600.0	Axial Gradiometer	1200.0	good	n/a
MLP34-4503	MEGGRADAXIAL	T	0.0	600.0	Axial Gradiometer	1200.0	good	n/a
MLP35-4503	MEGGRADAXIAL	T	0.0	600.0	Axial Gradiometer	1200.0	good	n/a
MLP41-4503	MEGGRADAXIAL	T	0.0	600.0	Axial Gradiometer	1200.0	good	n/a
MLP42-4503	MEGGRADAXIAL	T	0.0	600.0	Axial Gradiometer	1200.0	good	n/a
MLP43-4503	MEGGRADAXIAL	T	0.0	600.0	Axial Gradiometer	1200.0	good	n/a
MLP44-4503	MEGGRADAXIAL	T	0.0	600.0	Axial Gradiometer	1200.0	good	n/a
MLP45-4503	MEGGRADAXIAL	T	0.0	600.0	Axial Gradiometer	1200.0	good	n/a
MLP51-4503	MEGGRADAXIAL	T	0.0	600.0	Axial Gradiometer	1200.0	good	n/a
MLP52-4503	MEGGRADAXIAL	T	0.0	600.0	Axial Gradiometer	1200.0	good	n/a
MLP53-4503	MEGGRADAXIAL	T	0.0	600.0	Axial Gradiometer	1200.0	good	n/a
MLP54-4503	MEGGRADAXIAL	T	0.0	600.0	Axial Gradiometer	1200.0	good	n/a
MLP55-4503	MEGGRADAXIAL	T	0.0	600.0	Axial Gradiometer	1200.0	good	n/a
MLP56-4503	MEGGRADAXIAL	T	0.0	600.0	Axial Gradiometer	1200.0	good	n/a
MLP57-4503	MEGGRADAXIAL	T	0.0	600.0	Axial Gradiometer	1200.0	good	n/a
MLT11-4503	MEGGRADAXIAL	T	0.0	600.0	Axial Gradiometer	1200.0	good	n/a
MLT12-4503	MEGGRADAXIAL	T	0.0	600.0	Axial Gradiometer	1200.0	good	n/a
MLT13-4503	MEGGRADAXIAL	T	0.0	600.0	Axial Gradiometer	1200.0	good	n/a
MLT14-4503	MEGGRADAXIAL	T	0.0	600.0	Axial Gradiometer	1200.0	good	n/a
MLT15-4503	MEGGRADAXIAL	T	0.0	600.0	Axial Gradiometer	1200.0	good	n/a
MLT16-4503	MEGGRADAXIAL	T	0.0	600.0	Axial Gradiometer	1200.0	good	n/a
MLT21-4503	MEGGRADAXIAL	T	0.0	600.0	Axial Gradiometer	1200.0	good	n/a
MLT22-4503	MEGGRADAXIAL	T	0.0	600.0	Axial Gradiometer	1200.0	good	n/a
MLT23-4503	MEGGRADAXIAL	T	0.0	600.0	Axial Gradiometer	1200.0	good	n/a
MLT24-4503	MEGGRADAXIAL	T	0.0	600.0	Axial Gradiometer	1200.0	good	n/a
MLT25-4503	MEGGRADAXIAL	T	0.0	600.0	Axial Gradiometer	1200.0	good	n/a
MLT26-4503	MEGGRADAXIAL	T	0.0	600.0	Axial Gradiometer	1200.0	good	n/a
MLT27-4503	MEGGRADAXIAL	T	0.0	600.0	Axial Gradiometer	1200.0	good	n/a
MLT31-4503	MEGGRADAXIAL	T	0.0	600.0	Axial Gradiometer	1200.0	good	n/a
MLT32-4503	MEGGRADAXIAL	T	0.0	600.0	Axial Gradiometer	1200.0	good	n/a
MLT33-4503	MEGGRADAXIAL	T	0.0	600.0	Axial Gradiometer	1200.0	good	n/a
MLT34-4503	MEGGRADAXIAL	T	0.0	600.0	Axial Gradiometer	1200.0	good	n/a
MLT35-4503	MEGGRADAXIAL	T	0.0	600.0	Axial Gradiometer	1200.0	good	n/a
MLT36-4503	MEGGRADAXIAL	T	0.0	600.0	Axial Gradiometer	1200.0	good	n/a
MLT37-4503	MEGGRADAXIAL	T	0.0	600.0	Axial Gradiometer	1200.0	good	n/a
MLT41-4503	MEGGRADAXIAL	T	0.0	600.0	Axial Gradiometer	1200.0	good	n/a
MLT42-4503	MEGGRADAXIAL	T	0.0	600.0	Axial Gradiometer	1200.0	good	n/a
MLT43-4503	MEGGRADAXIAL	T	0.0	600.0	Axial Gradiometer	1200.0	good	n/a
MLT44-4503	MEGGRADAXIAL	T	0.0	600.0	Axial Gradiometer	1200.0	good	n/a
MLT45-4503	MEGGRADAXIAL	T	0.0	600.0	Axial Gradiometer	1200.0	good	n/a
MLT46-4503	MEGGRADAXIAL	T	0.0	600.0	Axial Gradiometer	1200.0	good	n/a
MLT47-4503	MEGGRADAXIAL	T	0.0	600.0	Axial Gradiometer	1200.0	good	n/a
MLT51-4503	MEGGRADAXIAL	T	0.0	600.0	Axial Gradiometer	1200.0	good	n/a
MLT52-4503	MEGGRADAXIAL	T	0.0	600.0	Axial Gradiometer	1200.0	good	n/a
MLT53-4503	MEGGRADAXIAL	T	0.0	600.0	Axial Gradiometer	1200.0	good	n/a
MLT54-4503	MEGGRADAXIAL	T	0.0	600.0	Axial Gradiometer	1200.0	good	n/a
MLT55-4503	MEGGRADAXIAL	T	0.0	600.0	Axial Gradiometer	1200.0	good	n/a
MLT56-4503	MEGGRADAXIAL	T	0.0	600.0	Axial Gradiometer	1200.0	good	n/a
MLT57-4503	MEGGRADAXIAL	T	0.0	600.0	Axial Gradiometer	1200.0	good	n/a
MRC11-4503	MEGGRADAXIAL	T	0.0	600.0	Axial Gradiometer	1200.0	good	n/a
MRC12-4503	MEGGRADAXIAL	T	0.0	600.0	Axial Gradiometer	1200.0	good	n/a
MRC13-4503	MEGGRADAXIAL	T	0.0	600.0	Axial Gradiometer	1200.0	good	n/a
MRC14-4503	MEGGRADAXIAL	T	0.0	600.0	Axial Gradiometer	1200.0	good	n/a
MRC15-4503	MEGGRADAXIAL	T	0.0	600.0	Axial Gradiometer	1200.0	good	n/a
MRC16-4503	MEGGRADAXIAL	T	0.0	600.0	Axial Gradiometer	1200.0	good	n/a
MRC17-4503	MEGGRADAXIAL	T	0.0	600.0	Axial Gradiometer	1200.0	good	n/a
MRC21-4503	MEGGRADAXIAL	T	0.0	600.0	Axial Gradiometer	1200.0	good	n/a
MRC22-4503	MEGGRADAXIAL	T	0.0	600.0	Axial Gradiometer	1200.0	good	n/a
MRC23-4503	MEGGRADAXIAL	T	0.0	600.0	Axial Gradiometer	1200.0	good	n/a
MRC24-4503	MEGGRADAXIAL	T	0.0	600.0	Axial Gradiometer	1200.0	good	n/a
MRC25-4503	MEGGRADAXIAL	T	0.0	600.0	Axial Gradiometer	1200.0	good	n/a
MRC31-4503	MEGGRADAXIAL	T	0.0	600.0	Axial Gradiometer	1200.0	good	n/a
MRC32-4503	MEGGRADAXIAL	T	0.0	600.0	Axial Gradiometer	1200.0	good	n/a
MRC41-4503	MEGGRADAXIAL	T	0.0	600.0	Axial Gradiometer	1200.0	good	n/a
MRC42-4503	MEGGRADAXIAL	T	0.0	600.0	Axial Gradiometer	1200.0	good	n/a
MRC51-4503	MEGGRADAXIAL	T	0.0	600.0	Axial Gradiometer	1200.0	good	n/a
MRC52-4503	MEGGRADAXIAL	T	0.0	600.0	Axial Gradiometer	1200.0	good	n/a
MRC53-4503	MEGGRADAXIAL	T	0.0	600.0	Axial Gradiometer	1200.0	good	n/a
MRC54-4503	MEGGRADAXIAL	T	0.0	600.0	Axial Gradiometer	1200.0	good	n/a
MRC55-4503	MEGGRADAXIAL	T	0.0	600.0	Axial Gradiometer	1200.0	good	n/a
MRC61-4503	MEGGRADAXIAL	T	0.0	600.0	Axial Gradiometer	1200.0	good	n/a
MRC62-4503	MEGGRADAXIAL	T	0.0	600.0	Axial Gradiometer	1200.0	good	n/a
MRC63-4503	MEGGRADAXIAL	T	0.0	600.0	Axial Gradiometer	1200.0	good	n/a
MRF11-4503	MEGGRADAXIAL	T	0.0	600.0	Axial Gradiometer	1200.0	good	n/a
MRF12-4503	MEGGRADAXIAL	T	0.0	600.0	Axial Gradiometer	1200.0	good	n/a
MRF13-4503	MEGGRADAXIAL	T	0.0	600.0	Axial Gradiometer	1200.0	good	n/a
MRF14-4503	MEGGRADAXIAL	T	0.0	600.0	Axial Gradiometer	1200.0	good	n/a
MRF21-4503	MEGGRADAXIAL	T	0.0	600.0	Axial Gradiometer	1200.0	good	n/a
MRF22-4503	MEGGRADAXIAL	T	0.0	600.0	Axial Gradiometer	1200.0	good	n/a
MRF23-4503	MEGGRADAXIAL	T	0.0	600.0	Axial Gradiometer	1200.0	good	n/a
MRF24-4503	MEGGRADAXIAL	T	0.0	600.0	Axial Gradiometer	1200.0	good	n/a
MRF25-4503	MEGGRADAXIAL	T	0.0	600.0	Axial Gradiometer	1200.0	good	n/a
MRF31-4503	MEGGRADAXIAL	T	0.0	600.0	Axial Gradiometer	1200.0	good	n/a
MRF32-4503	MEGGRADAXIAL	T	0.0	600.0	Axial Gradiometer	1200.0	good	n/a
MRF33-4503	MEGGRADAXIAL	T	0.0	600.0	Axial Gradiometer	1200.0	good	n/a
MRF34-4503	MEGGRADAXIAL	T	0.0	600.0	Axial Gradiometer	1200.0	good	n/a
MRF35-4503	MEGGRADAXIAL	T	0.0	600.0	Axial Gradiometer	1200.0	good	n/a
MRF41-4503	MEGGRADAXIAL	T	0.0	600.0	Axial Gradiometer	1200.0	good	n/a
MRF42-4503	MEGGRADAXIAL	T	0.0	600.0	Axial Gradiometer	1200.0	good	n/a
MRF43-4503	MEGGRADAXIAL	T	0.0	600.0	Axial Gradiometer	1200.0	good	n/a
MRF44-4503	MEGGRADAXIAL	T	0.0	600.0	Axial Gradiometer	1200.0	good	n/a
MRF45-4503	MEGGRADAXIAL	T	0.0	600.0	Axial Gradiometer	1200.0	good	n/a
MRF46-4503	MEGGRADAXIAL	T	0.0	600.0	Axial Gradiometer	1200.0	good	n/a
MRF51-4503	MEGGRADAXIAL	T	0.0	600.0	Axial Gradiometer	1200.0	good	n/a
MRF52-4503	MEGGRADAXIAL	T	0.0	600.0	Axial Gradiometer	1200.0	good	n/a
MRF53-4503	MEGGRADAXIAL	T	0.0	600.0	Axial Gradiometer	1200.0	good	n/a
MRF54-4503	MEGGRADAXIAL	T	0.0	600.0	Axial Gradiometer	1200.0	good	n/a
MRF55-4503	MEGGRADAXIAL	T	0.0	600.0	Axial Gradiometer	1200.0	good	n/a
MRF56-4503	MEGGRADAXIAL	T	0.0	600.0	Axial Gradiometer	1200.0	good	n/a
MRF61-4503	MEGGRADAXIAL	T	0.0	600.0	Axial Gradiometer	1200.0	good	n/a
MRF62-4503	MEGGRADAXIAL	T	0.0	600.0	Axial Gradiometer	1200.0	good	n/a
MRF63-4503	MEGGRADAXIAL	T	0.0	600.0	Axial Gradiometer	1200.0	good	n/a
MRF64-4503	MEGGRADAXIAL	T	0.0	600.0	Axial Gradiometer	1200.0	good	n/a
MRF65-4503	MEGGRADAXIAL	T	0.0	600.0	Axial Gradiometer	1200.0	good	n/a
MRF66-4503	MEGGRADAXIAL	T	0.0	600.0	Axial Gradiometer	1200.0	good	n/a
MRF67-4503	MEGGRADAXIAL	T	0.0	600.0	Axial Gradiometer	1200.0	good	n/a
MRO11-4503	MEGGRADAXIAL	T	0.0	600.0	Axial Gradiometer	1200.0	good	n/a
MRO12-4503	MEGGRADAXIAL	T	0.0	600.0	Axial Gradiometer	1200.0	good	n/a
MRO13-4503	MEGGRADAXIAL	T	0.0	600.0	Axial Gradiometer	1200.0	good	n/a
MRO14-4503	MEGGRADAXIAL	T	0.0	600.0	Axial Gradiometer	1200.0	good	n/a
MRO21-4503	MEGGRADAXIAL	T	0.0	600.0	Axial Gradiometer	1200.0	good	n/a
MRO22-4503	MEGGRADAXIAL	T	0.0	600.0	Axial Gradiometer	1200.0	good	n/a
MRO23-4503	MEGGRADAXIAL	T	0.0	600.0	Axial Gradiometer	1200.0	good	n/a
MRO24-4503	MEGGRADAXIAL	T	0.0	600.0	Axial Gradiometer	1200.0	good	n/a
MRO31-4503	MEGGRADAXIAL	T	0.0	600.0	Axial Gradiometer	1200.0	good	n/a
MRO32-4503	MEGGRADAXIAL	T	0.0	600.0	Axial Gradiometer	1200.0	good	n/a
MRO33-4503	MEGGRADAXIAL	T	0.0	600.0	Axial Gradiometer	1200.0	good	n/a
MRO34-4503	MEGGRADAXIAL	T	0.0	600.0	Axial Gradiometer	1200.0	good	n/a
MRO41-4503	MEGGRADAXIAL	T	0.0	600.0	Axial Gradiometer	1200.0	good	n/a
MRO42-4503	MEGGRADAXIAL	T	0.0	600.0	Axial Gradiometer	1200.0	good	n/a
MRO43-4503	MEGGRADAXIAL	T	0.0	600.0	Axial Gradiometer	1200.0	good	n/a
MRO44-4503	MEGGRADAXIAL	T	0.0	600.0	Axial Gradiometer	1200.0	good	n/a
MRO51-4503	MEGGRADAXIAL	T	0.0	600.0	Axial Gradiometer	1200.0	good	n/a
MRO52-4503	MEGGRADAXIAL	T	0.0	600.0	Axial Gradiometer	1200.0	good	n/a
MRO53-4503	MEGGRADAXIAL	T	0.0	600.0	Axial Gradiometer	1200.0	good	n/a
MRP11-4503	MEGGRADAXIAL	T	0.0	600.0	Axial Gradiometer	1200.0	good	n/a
MRP12-4503	MEGGRADAXIAL	T	0.0	600.0	Axial Gradiometer	1200.0	good	n/a
MRP21-4503	MEGGRADAXIAL	T	0.0	600.0	Axial Gradiometer	1200.0	good	n/a
MRP22-4503	MEGGRADAXIAL	T	0.0	600.0	Axial Gradiometer	1200.0	good	n/a
MRP23-4503	MEGGRADAXIAL	T	0.0	600.0	Axial Gradiometer	1200.0	good	n/a
MRP31-4503	MEGGRADAXIAL	T	0.0	600.0	Axial Gradiometer	1200.0	good	n/a
MRP32-4503	MEGGRADAXIAL	T	0.0	600.0	Axial Gradiometer	1200.0	good	n/a
MRP33-4503	MEGGRADAXIAL	T	0.0	600.0	Axial Gradiometer	1200.0	good	n/a
MRP34-4503	MEGGRADAXIAL	T	0.0	600.0	Axial Gradiometer	1200.0	good	n/a
MRP35-4503	MEGGRADAXIAL	T	0.0	600.0	Axial Gradiometer	1200.0	good	n/a
MRP41-4503	MEGGRADAXIAL	T	0.0	600.0	Axial Gradiometer	1200.0	good	n/a
MRP42-4503	MEGGRADAXIAL	T	0.0	600.0	Axial Gradiometer	1200.0	good	n/a
MRP43-4503	MEGGRADAXIAL	T	0.0	600.0	Axial Gradiometer	1200.0	good	n/a
MRP44-4503	MEGGRADAXIAL	T	0.0	600.0	Axial Gradiometer	1200.0	good	n/a
MRP45-4503	MEGGRADAXIAL	T	0.0	600.0	Axial Gradiometer	1200.0	good	n/a
MRP51-4503	MEGGRADAXIAL	T	0.0	600.0	Axial Gradiometer	1200.0	good	n/a
MRP52-4503	MEGGRADAXIAL	T	0.0	600.0	Axial Gradiometer	1200.0	good	n/a
MRP53-4503	MEGGRADAXIAL	T	0.0	600.0	Axial Gradiometer	1200.0	good	n/a
MRP54-4503	MEGGRADAXIAL	T	0.0	600.0	Axial Gradiometer	1200.0	good	n/a
MRP55-4503	MEGGRADAXIAL	T	0.0	600.0	Axial Gradiometer	1200.0	good	n/a
MRP56-4503	MEGGRADAXIAL	T	0.0	600.0	Axial Gradiometer	1200.0	good	n/a
MRP57-4503	MEGGRADAXIAL	T	0.0	600.0	Axial Gradiometer	1200.0	good	n/a
MRT11-4503	MEGGRADAXIAL	T	0.0	600.0	Axial Gradiometer	1200.0	good	n/a
MRT12-4503	MEGGRADAXIAL	T	0.0	600.0	Axial Gradiometer	1200.0	good	n/a
MRT13-4503	MEGGRADAXIAL	T	0.0	600.0	Axial Gradiometer	1200.0	good	n/a
MRT14-4503	MEGGRADAXIAL	T	0.0	600.0	Axial Gradiometer	1200.0	good	n/a
MRT15-4503	MEGGRADAXIAL	T	0.0	600.0	Axial Gradiometer	1200.0	good	n/a
MRT21-4503	MEGGRADAXIAL	T	0.0	600.0	Axial Gradiometer	1200.0	good	n/a
MRT22-4503	MEGGRADAXIAL	T	0.0	600.0	Axial Gradiometer	1200.0	good	n/a
MRT24-4503	MEGGRADAXIAL	T	0.0	600.0	Axial Gradiometer	1200.0	good	n/a
MRT25-4503	MEGGRADAXIAL	T	0.0	600.0	Axial Gradiometer	1200.0	good	n/a
MRT26-4503	MEGGRADAXIAL	T	0.0	600.0	Axial Gradiometer	1200.0	good	n/a
MRT27-4503	MEGGRADAXIAL	T	0.0	600.0	Axial Gradiometer	1200.0	good	n/a
MRT31-4503	MEGGRADAXIAL	T	0.0	600.0	Axial Gradiometer	1200.0	good	n/a
MRT32-4503	MEGGRADAXIAL	T	0.0	600.0	Axial Gradiometer	1200.0	good	n/a
MRT33-4503	MEGGRADAXIAL	T	0.0	600.0	Axial Gradiometer	1200.0	good	n/a
MRT34-4503	MEGGRADAXIAL	T	0.0	600.0	Axial Gradiometer	1200.0	good	n/a
MRT35-4503	MEGGRADAXIAL	T	0.0	600.0	Axial Gradiometer	1200.0	good	n/a
MRT36-4503	MEGGRADAXIAL	T	0.0	600.0	Axial Gradiometer	1200.0	good	n/a
MRT37-4503	MEGGRADAXIAL	T	0.0	600.0	Axial Gradiometer	1200.0	good	n/a
MRT41-4503	MEGGRADAXIAL	T	0.0	600.0	Axial Gradiometer	1200.0	good	n/a
MRT42-4503	MEGGRADAXIAL	T	0.0	600.0	Axial Gradiometer	1200.0	good	n/a
MRT43-4503	MEGGRADAXIAL	T	0.0	600.0	Axial Gradiometer	1200.0	good	n/a
MRT44-4503	MEGGRADAXIAL	T	0.0	600.0	Axial Gradiometer	1200.0	good	n/a
MRT45-4503	MEGGRADAXIAL	T	0.0	600.0	Axial Gradiometer	1200.0	good	n/a
MRT46-4503	MEGGRADAXIAL	T	0.0	600.0	Axial Gradiometer	1200.0	good	n/a
MRT47-4503	MEGGRADAXIAL	T	0.0	600.0	Axial Gradiometer	1200.0	good	n/a
MRT51-4503	MEGGRADAXIAL	T	0.0	600.0	Axial Gradiometer	1200.0	good	n/a
MRT52-4503	MEGGRADAXIAL	T	0.0	600.0	Axial Gradiometer	1200.0	good	n/a
MRT53-4503	MEGGRADAXIAL	T	0.0	600.0	Axial Gradiometer	1200.0	good	n/a
MRT54-4503	MEGGRADAXIAL	T	0.0	600.0	Axial Gradiometer	1200.0	good	n/a
MRT55-4503	MEGGRADAXIAL	T	0.0	600.0	Axial Gradiometer	1200.0	good	n/a
MRT56-4503	MEGGRADAXIAL	T	0.0	600.0	Axial Gradiometer	1200.0	good	n/a
MRT57-4503	MEGGRADAXIAL	T	0.0	600.0	Axial Gradiometer	1200.0	good	n/a
MZC01-4503	MEGGRADAXIAL	T	0.0	600.0	Axial Gradiometer	1200.0	good	n/a
MZC02-4503	MEGGRADAXIAL	T	0.0	600.0	Axial Gradiometer	1200.0	good	n/a
MZC03-4503	MEGGRADAXIAL	T	0.0	600.0	Axial Gradiometer	1200.0	good	n/a
MZC04-4503	MEGGRADAXIAL	T	0.0	600.0	Axial Gradiometer	1200.0	good	n/a
MZF01-4503	MEGGRADAXIAL	T	0.0	600.0	Axial Gradiometer	1200.0	good	n/a
MZF02-4503	MEGGRADAXIAL	T	0.0	600.0	Axial Gradiometer	1200.0	good	n/a
MZF03-4503	MEGGRADAXIAL	T	0.0	600.0	Axial Gradiometer	1200.0	good	n/a
MZO01-4503	MEGGRADAXIAL	T	0.0	600.0	Axial Gradiometer	1200.0	good	n/a
MZO02-4503	MEGGRADAXIAL	T	0.0	600.0	Axial Gradiometer	1200.0	good	n/a
MZO03-4503	MEGGRADAXIAL	T	0.0	600.0	Axial Gradiometer	1200.0	good	n/a
MZP01-4503	MEGGRADAXIAL	T	0.0	600.0	Axial Gradiometer	1200.0	good	n/a
MSTAT101	MISC	V	0.0	600.0	Miscellaneous	1200.0	good	n/a
MRSYN101	MISC	V	0.0	600.0	Miscellaneous	1200.0	good	n/a
MPLLU101	MISC	V	0.0	600.0	Miscellaneous	1200.0	good	n/a
MMSTC101	MISC	V	0.0	600.0	Miscellaneous	1200.0	good	n/a
MSTAT102	MISC	V	0.0	600.0	Miscellaneous	1200.0	good	n/a
MRSYN102	MISC	V	0.0	600.0	Miscellaneous	1200.0	good	n/a
MPLLU102	MISC	V	0.0	600.0	Miscellaneous	1200.0	good	n/a
MMSTC102	MISC	V	0.0	600.0	Miscellaneous	1200.0	good	n/a
MSTAT103	MISC	V	0.0	600.0	Miscellaneous	1200.0	good	n/a
MRSYN103	MISC	V	0.0	600.0	Miscellaneous	1200.0	good	n/a
MPLLU103	MISC	V	0.0	600.0	Miscellaneous	1200.0	good	n/a
MMSTC103	MISC	V	0.0	600.0	Miscellaneous	1200.0	good	n/a
MSTAT104	MISC	V	0.0	600.0	Miscellaneous	1200.0	good	n/a
MRSYN104	MISC	V	0.0	600.0	Miscellaneous	1200.0	good	n/a
MPLLU104	MISC	V	0.0	600.0	Miscellaneous	1200.0	good	n/a
MMSTC104	MISC	V	0.0	600.0	Miscellaneous	1200.0	good	n/a
MSTAT105	MISC	V	0.0	600.0	Miscellaneous	1200.0	good	n/a
MRSYN105	MISC	V	0.0	600.0	Miscellaneous	1200.0	good	n/a
MPLLU105	MISC	V	0.0	600.0	Miscellaneous	1200.0	good	n/a
MMSTC105	MISC	V	0.0	600.0	Miscellaneous	1200.0	good	n/a
MSTAT106	MISC	V	0.0	600.0	Miscellaneous	1200.0	good	n/a
MRSYN106	MISC	V	0.0	600.0	Miscellaneous	1200.0	good	n/a
MPLLU106	MISC	V	0.0	600.0	Miscellaneous	1200.0	good	n/a
MMSTC106	MISC	V	0.0	600.0	Miscellaneous	1200.0	good	n/a
MSTAT107	MISC	V	0.0	600.0	Miscellaneous	1200.0	good	n/a
MRSYN107	MISC	V	0.0	600.0	Miscellaneous	1200.0	good	n/a
MPLLU107	MISC	V	0.0	600.0	Miscellaneous	1200.0	good	n/a
MMSTC107	MISC	V	0.0	600.0	Miscellaneous	1200.0	good	n/a
MSTAT108	MISC	V	0.0	600.0	Miscellaneous	1200.0	good	n/a
MRSYN108	MISC	V	0.0	600.0	Miscellaneous	1200.0	good	n/a
MPLLU108	MISC	V	0.0	600.0	Miscellaneous	1200.0	good	n/a
MMSTC108	MISC	V	0.0	600.0	Miscellaneous	1200.0	good	n/a
MSTAT109	MISC	V	0.0	600.0	Miscellaneous	1200.0	good	n/a
MRSYN109	MISC	V	0.0	600.0	Miscellaneous	1200.0	good	n/a
MPLLU109	MISC	V	0.0	600.0	Miscellaneous	1200.0	good	n/a
MMSTC109	MISC	V	0.0	600.0	Miscellaneous	1200.0	good	n/a
MSTAT110	MISC	V	0.0	600.0	Miscellaneous	1200.0	good	n/a
MRSYN110	MISC	V	0.0	600.0	Miscellaneous	1200.0	good	n/a
MPLLU110	MISC	V	0.0	600.0	Miscellaneous	1200.0	good	n/a
MMSTC110	MISC	V	0.0	600.0	Miscellaneous	1200.0	good	n/a
MSTAT701	MISC	V	0.0	600.0	Miscellaneous	1200.0	good	n/a
MRSYN701	MISC	V	0.0	600.0	Miscellaneous	1200.0	good	n/a
MPLLU701	MISC	V	0.0	600.0	Miscellaneous	1200.0	good	n/a
MMSTC701	MISC	V	0.0	600.0	Miscellaneous	1200.0	good	n/a
MSTAT703	MISC	V	0.0	600.0	Miscellaneous	1200.0	good	n/a
MRSYN703	MISC	V	0.0	600.0	Miscellaneous	1200.0	good	n/a
MPLLU703	MISC	V	0.0	600.0	Miscellaneous	1200.0	good	n/a
MMSTC703	MISC	V	0.0	600.0	Miscellaneous	1200.0	good	n/a
MSTAT704	MISC	V	0.0	600.0	Miscellaneous	1200.0	good	n/a
MRSYN704	MISC	V	0.0	600.0	Miscellaneous	1200.0	good	n/a
MPLLU704	MISC	V	0.0	600.0	Miscellaneous	1200.0	good	n/a
MMSTC704	MISC	V	0.0	600.0	Miscellaneous	1200.0	good	n/a
MSTAT705	MISC	V	0.0	600.0	Miscellaneous	1200.0	good	n/a
MRSYN705	MISC	V	0.0	600.0	Miscellaneous	1200.0	good	n/a
MPLLU705	MISC	V	0.0	600.0	Miscellaneous	1200.0	good	n/a
MMSTC705	MISC	V	0.0	600.0	Miscellaneous	1200.0	good	n/a
MSTAT706	MISC	V	0.0	600.0	Miscellaneous	1200.0	good	n/a
MRSYN706	MISC	V	0.0	600.0	Miscellaneous	1200.0	good	n/a
MPLLU706	MISC	V	0.0	600.0	Miscellaneous	1200.0	good	n/a
MMSTC706	MISC	V	0.0	600.0	Miscellaneous	1200.0	good	n/a
MSTAT707	MISC	V	0.0	600.0	Miscellaneous	1200.0	good	n/a
MRSYN707	MISC	V	0.0	600.0	Miscellaneous	1200.0	good	n/a
MPLLU707	MISC	V	0.0	600.0	Miscellaneous	1200.0	good	n/a
MMSTC707	MISC	V	0.0	600.0	Miscellaneous	1200.0	good	n/a
MSTAT708	MISC	V	0.0	600.0	Miscellaneous	1200.0	good	n/a
MRSYN708	MISC	V	0.0	600.0	Miscellaneous	1200.0	good	n/a
MPLLU708	MISC	V	0.0	600.0	Miscellaneous	1200.0	good	n/a
MMSTC708	MISC	V	0.0	600.0	Miscellaneous	1200.0	good	n/a
MSTAT709	MISC	V	0.0	600.0	Miscellaneous	1200.0	good	n/a
MRSYN709	MISC	V	0.0	600.0	Miscellaneous	1200.0	good	n/a
MPLLU709	MISC	V	0.0	600.0	Miscellaneous	1200.0	good	n/a
MMSTC709	MISC	V	0.0	600.0	Miscellaneous	1200.0	good	n/a
MSTAT710	MISC	V	0.0	600.0	Miscellaneous	1200.0	good	n/a
MRSYN710	MISC	V	0.0	600.0	Miscellaneous	1200.0	good	n/a
MPLLU710	MISC	V	0.0	600.0	Miscellaneous	1200.0	good	n/a
MMSTC710	MISC	V	0.0	600.0	Miscellaneous	1200.0	good	n/a